Id,Email Address
138,mnmwuhasdwqweqw
141,cynvhupf@gamail.com
155,doznfpxy@gamail.com
156,ufpgolgelastqxaoi
160,rdvafvkummnuj@yahooo.com
160,rvkwwlntnchl@yahooo.com
162,hrgsyomuf@gamail.com
169,spiltjsn@yahooo.com
173,mtrhitjlqw@gamail.com
175,oerdomqxcb@gamail.com
177,ojsasdweeewq
196,jasdwweeeq
211,gilmivlrwnfbss@yahooo.com
212,anuaackiokhac@yahooo.com
220,roclrzpyjf@gamail.com
224,ahsjitbw@gamail.com
227,iupwkgasdweqeew
245,natzhmxfx@gamail.com
249,ungxqtzk@gamail.com
252,fbdvsxmz@gamail.com
258,dfhjmsfwzo@gamail.com
264,fctkqhbr@yahooo.com
268,rmykhpek@gamail.com
272,bkrfsjbxa@gamail.com
282,rvekpvpupelcp
283,cetxcilthi@gamail.com
292,fdwtktzb@gamail.com
296,cigudlhqgo@yahooo.com
298,gasdeqeqwe
299,yhgsbbuwi@gamail.com
299,axnnkyzfw@gamail.com
321,mfnuidsdkv@gamail.com
331,kmqukhckbhk@yahooo.com
338,bwfasdeqwqww
345,sidhmibmc@gamail.com
349,hajdffrjjt@gamail.com
351,xpkgzqlonx@gamail.com
351,vfbudpenpu@gamail.com
353,larmsherg@gamail.com
358,chfbukyfq@gamail.com
359,riaotsnqb@yahooo.com
375,ufhkwbpawf@gamail.com
378,immznovrvt@gamail.com
382,uuvjkmvyz@gamail.com
390,ikxzclcijp@gamail.com
393,coxkbauib@gamail.com
412,epuaniefyc@gamail.com
418,udqxrdnm@yahooo.com
422,nuguxfaxahhv
424,yjsrgtbkrc@gamail.com
426,ajoxctasdwweeqe
436,giiempwyyb@gamail.com
438,qdvwzbhkei@gamail.com
449,okkasdewqeew
457,okryynvaa@gamail.com
457,vcywoyuf@gamail.com
458,qluwgvwiahgr
466,tbraplsn@gamail.com
469,lrxxvidjc@gamail.com
471,jbgpfqchyr@gamail.com
472,hnublhpdl@gamail.com
481,crrflbgh@gamail.com
497,xxhpreasdqeqwww
502,cqdwbnfkpd@yahooo.com
505,brkvboow@gamail.com
512,kvucccrmersslpxove
516,szpxrjagut@gamail.com
526,awgzgumb@gamail.com
527,ckkvrefqd@yahooo.com
530,cseccgfneb@gamail.com
533,sruptmen@gamail.com
541,yvhhukjn@gamail.com
542,elnhgwcbyv@gamail.com
543,kjnjlcxwti@yahooo.com
544,sviqhylb@gamail.com
551,jqmadasdqwqwww
561,yadbsvwvg@gamail.com
566,aaorvyysxf@gamail.com
566,xjmgparcc@gamail.com
572,ywcqscai@gamail.com
576,oxoqdxpgn@yahooo.com
580,ehzuneriqo@gamail.com
584,pqwmeexn@gamail.com
586,xukonboq@gamail.com
588,dasdwqqwww
589,rbaphprlucgmjux
595,amtwzsir@gamail.com
601,aphoiajgtwxk@yahooo.com
603,umxsdasdqwqeqq
605,udfdqqwr@gamail.com
606,kgbxxhcg@gamail.com
612,rvymiywr@gamail.com
615,gucwwzsvna@gamail.com
617,fetsvhueis@yahooo.com
622,vyhryvdws@gamail.com
631,xduplvccf@gamail.com
632,zaulskbal@gamail.com
634,zzoincwqj@gamail.com
638,gjltjnzveh@gamail.com
640,ncxasdeqwwwe
642,erbddjgrbovpts@yahooo.com
647,ctkchmorojwug
664,dmwzaxraky@gamail.com
679,lcprqplxuvmh
680,pkgiyzzek@gamail.com
693,bettkasdqwwqew
694,xioqnlwvexjfhwi
695,axxcclugn@gamail.com
697,axjwgwrebraowmxkq
701,pngkfuyi@gamail.com
702,jwgpyftju@gamail.com
706,endklheyf@gamail.com
713,xaygsobmj@gamail.com
719,hvadllcan@gamail.com
737,hasdwqeqwe
748,kjwhthatehggl
749,sjchuisi@gamail.com
749,quomwvasdqwewwe
758,mavxmlrofooa@yahooo.com
760,essrtfudqedpca
763,knyxtuhiky@gamail.com
766,txjtmqrpcucjq@yahooo.com
788,cvayqkmvp@gamail.com
789,wsekosltxcflae@yahooo.com
797,wlkshtyo@gamail.com
803,ciaswdupft@gamail.com
805,txbmspprkbwintgh
808,omgvtomjuujltvimfxqq
810,easgapxwumww@yahooo.com
811,sxflxpnlbpmkpxik
813,ksjaxtoouvadaehfooir
828,dtphkuwur@gamail.com
833,rhmasdqeeqwq
836,rfcgbxvpa@gamail.com
839,dwqehbqgmhsrqv@yahooo.com
843,bvvgtffhqenutfqkt
858,jxdwlnmo@gamail.com
858,zkpccwuyxg@gamail.com
866,scrissrlgofe@yahooo.com
867,dcvqqlgeds@gamail.com
869,ztvuqejs@gamail.com
873,vycrqymksj@gamail.com
879,umivtwugly@gamail.com
881,dfzlhbnqgn@gamail.com
886,jzftqqmsgg@gamail.com
887,pdinqfvjkmtoutpe
888,wlugzyqlho@gamail.com
890,ubacaqudlmkkeiivjhrh
892,gqjiromffb@gamail.com
894,tingcagmlqe@yahooo.com
894,dkhofbftkpelo@yahooo.com
896,lzsfpjtao@gamail.com
898,zebnwcxgyr@gamail.com
934,bexgeucdsh@yahooo.com
935,gxsasdeqqeqw
936,muxckttvbpl@yahooo.com
939,ewjrfvifdmcj@yahooo.com
940,pkasdeweqew
950,bjbkdhrbpru@yahooo.com
952,yjxvtmpu@gamail.com
952,qplgeulsca@gamail.com
956,gqlksquxy@gamail.com
977,mryphjpzmy@gamail.com
978,zibibnujl@gamail.com
980,iowkasdweqwqw
985,ptvqlffe@gamail.com
989,lzcrsiuo@gamail.com
991,iydthkxz@gamail.com
992,mpmwehcnjjntjvfnl
999,mphibnuxgtr@yahooo.com